case,batch_size,original_ms,graph_ms,latency_reduction_percent
single_lift_rope,1,2.5927998275229975,2.1353201632986645,17.644233826619047
single_lift_rope,4,2.5824857168897455,2.1105274264257226,18.275349496702457
single_lift_rope,16,2.808257902783918,2.454319708271041,12.603478981115186
single_lift_rope,64,3.3037858790651495,3.1311471649955602,5.225481323215769
single_lift_rope,128,4.158565810593289,4.002885951194912,3.7435949432808484
single_lift_rope,512,10.761636506123025,10.635584951766456,1.1713047015186826
double_stretch_sloth,1,2.7347664633582878,2.364154213864822,13.55187927229277
double_stretch_sloth,4,2.8199362693287964,2.4831665536372123,11.942458393633922
double_stretch_sloth,16,3.037879857791787,2.8800345878283093,5.195902318474648
double_stretch_sloth,64,4.977584719849152,4.85202490796967,2.5225047678000543
double_stretch_sloth,128,7.829504999140876,7.745339089264495,1.0749837938109292
double_stretch_sloth,512,26.983679270155594,27.133978517667856,-0.5570005706319496
